<?xml version="1.0" encoding="UTF-8" ?>
<!DOCTYPE mapper
        PUBLIC "-//mybatis.org//DTD Mapper 3.0//EN"
        "http://mybatis.org/dtd/mybatis-3-mapper.dtd">
<mapper namespace="com.example.demo.mapper.ActivityMapper">

    <resultMap id="ActivityResultMap" type="com.example.demo.entity.Activity">
        <id property="id" column="id"/>
        <result property="name" column="name"/>
        <result property="descr" column="descr"/>
        <result property="content" column="content"/>
        <result property="start" column="start"/>
        <result property="end" column="end"/>
        <result property="form" column="form"/>
        <result property="address" column="address"/>
        <result property="host" column="host"/>
        <result property="readCount" column="read_count"/>
        <result property="cover" column="cover"/>
    </resultMap>

    <insert id="insert">
        insert into activity
        <trim prefix="(" suffix=")" suffixOverrides=",">
            <if test="id != null">id,</if>
            <if test="name != null">name,</if>
            <if test="descr != null">descr,</if>
            <if test="content != null">content,</if>
            <if test="start != null">start,</if>
            <if test="end != null">end,</if>
            <if test="form != null">form,</if>
            <if test="address != null">address,</if>
            <if test="host != null">host,</if>
            <if test="readCount != null">read_count,</if>
            <if test="cover != null">cover,</if>
        </trim>
        <trim prefix="values (" suffix=")" suffixOverrides=",">
            <if test="id != null">#{id},</if>
            <if test="name != null">#{name},</if>
            <if test="descr != null">#{descr},</if>
            <if test="content != null">#{content},</if>
            <if test="start != null">#{start},</if>
            <if test="end != null">#{end},</if>
            <if test="form != null">#{form},</if>
            <if test="address != null">#{address},</if>
            <if test="host != null">#{host},</if>
            <if test="readCount != null">#{readCount},</if>
            <if test="cover != null">#{cover},</if>
        </trim>
    </insert>

    <update id="updateById">
        update activity
        <set>
            <if test="name != null">
                name = #{name},
            </if>
            <if test="descr != null">
                descr = #{descr},
            </if>
            <if test="content != null">
                content = #{content},
            </if>
            <if test="start != null">
                start = #{start},
            </if>
            <if test="end != null">
                end = #{end},
            </if>
            <if test="form != null">
                form = #{form},
            </if>
            <if test="address != null">
                address = #{address},
            </if>
            <if test="host != null">
                host = #{host},
            </if>
            <if test="readCount != null">
                read_count = #{readCount},
            </if>
            <if test="cover != null">
                cover = #{cover},
            </if>
        </set>
        where id = #{id}
    </update>


    <delete id="deleteById">
        delete from activity where id = #{id}
    </delete>

    <select id="selectByName" resultMap="ActivityResultMap">
        select * from activity where name = #{name}
    </select>

    <select id="selectById" resultMap="ActivityResultMap">
        select * from activity where id = #{id}
    </select>

    <select id="selectAll" resultMap="ActivityResultMap">
        select * from activity
        <where>
            <if test="name != null">
                and name like concat('%',#{name},'%')
            </if>
        </where>
        order by id desc
    </select>

    <select id="selectPage" resultMap="ActivityResultMap">
        select * from activity
        <where>
            <if test="activity.name != null">
                and name like concat('%',#{activity.name},'%')
            </if>
        </where>
        order by id desc
    </select>
</mapper>
