<?xml version="1.0" encoding="UTF-8" ?>
<!DOCTYPE mapper
        PUBLIC "-//mybatis.org//DTD Mapper 3.0//EN"
        "http://mybatis.org/dtd/mybatis-3-mapper.dtd">
<mapper namespace="com.example.demo.mapper.BlogMapper">

    <resultMap id="BlogResultMap" type="com.example.demo.entity.Blog">
        <id property="id" column="id"/>
        <result property="title" column="title"/>
        <result property="content" column="content"/>
        <result property="descr" column="descr"/>
        <result property="cover" column="cover"/>
        <result property="tags" column="tags"/>
        <result property="userId" column="user_id"/>
        <result property="date" column="date"/>
        <result property="readCount" column="read_count"/>
        <result property="categoryId" column="category_id"/>
        <result property="categoryName" column="categoryName"/>
        <result property="userName" column="userName"/>
        <result property="status" column="status"/>
    </resultMap>

    <insert id="insert">
        insert into blog
        <trim prefix="(" suffix=")" suffixOverrides=",">
            <if test="id != null">id,</if>
            <if test="title != null">title,</if>
            <if test="content != null">content,</if>
            <if test="descr != null">descr,</if>
            <if test="cover != null">cover,</if>
            <if test="tags != null">tags,</if>
            <if test="userId != null">user_id,</if>
            <if test="date != null">date,</if>
            <if test="readCount != null">read_count,</if>
            <if test="categoryId != null">category_id,</if>
            <if test="status != null">status,</if>
        </trim>
        <trim prefix="values (" suffix=")" suffixOverrides=",">
            <if test="id != null">#{id},</if>
            <if test="title != null">#{title},</if>
            <if test="content != null">#{content},</if>
            <if test="descr != null">#{descr},</if>
            <if test="cover != null">#{cover},</if>
            <if test="tags != null">#{tags},</if>
            <if test="userId != null">#{userId},</if>
            <if test="date != null">#{date},</if>
            <if test="readCount != null">#{readCount},</if>
            <if test="categoryId != null">#{categoryId},</if>
            <if test="status != null">status,</if>
        </trim>
    </insert>

    <update id="updateById">
        update blog
        <set>
            <if test="title != null">
                title = #{title},
            </if>
            <if test="content != null">
                content = #{content},
            </if>
            <if test="descr != null">
                descr = #{descr},
            </if>
            <if test="cover != null">
                cover = #{cover},
            </if>
            <if test="tags != null">
                tags = #{tags},
            </if>
            <if test="userId != null">
                user_id = #{userId},
            </if>
            <if test="date != null">
                date = #{date},
            </if>
            <if test="readCount != null">
                read_count = #{readCount},
            </if>
            <if test="categoryId != null">
                category_id = #{categoryId},
            </if>
            <if test="status != null">
                status = #{status},
            </if>
        </set>
        where id = #{id}
    </update>

    <delete id="deleteById">
        delete from blog where id = #{id}
    </delete>

    <!-- 公共SQL片段：减少重复代码 -->
    <sql id="blogBaseQuery">
        SELECT
            blog.*,
            category.name AS categoryName,
            user.name AS userName
        FROM blog
                 LEFT JOIN category ON blog.category_id = category.id
                 LEFT JOIN user ON blog.user_id = user.id
    </sql>

    <!-- 公共查询条件 -->
    <sql id="blogWhereClause">
        <where>
            <!-- 精确匹配 id -->
            <if test="blog.id != null">
                AND blog.id = #{blog.id}
            </if>
            <!-- 模糊匹配标题 -->
            <if test="blog.title != null and blog.title != ''">
                AND blog.title LIKE CONCAT('%', #{blog.title}, '%')
            </if>
            <!-- 分类名模糊匹配 -->
            <if test="blog.categoryName != null and blog.categoryName != ''">
                AND category.name LIKE CONCAT('%', #{blog.categoryName}, '%')
            </if>
            <!-- 用户名模糊匹配 -->
            <if test="blog.userName != null and blog.userName != ''">
                AND user.name LIKE CONCAT('%', #{blog.userName}, '%')
            </if>
            <!-- 统一状态条件 -->
            AND status = 1
        </where>
    </sql>

    <!-- 按标题查询 -->
    <select id="selectByTitle" resultMap="BlogResultMap">
        SELECT * FROM blog
        WHERE title = #{title} AND status = 1
    </select>

    <!-- 按ID查询 -->
    <select id="selectById" resultMap="BlogResultMap">
        SELECT * FROM blog WHERE id = #{id}
    </select>

    <!-- 查询所有（带分页条件） -->
    <select id="selectAll" resultMap="BlogResultMap">
        <include refid="blogBaseQuery"/>
        <include refid="blogWhereClause"/>
        ORDER BY id DESC
    </select>

    <!-- 热门博客 -->
    <select id="selectHot" resultMap="BlogResultMap">
        <include refid="blogBaseQuery"/>
        <include refid="blogWhereClause"/>
        ORDER BY read_count DESC
        LIMIT #{num}
    </select>

    <!-- 分页查询 -->
    <select id="selectPage" resultMap="BlogResultMap">
        <include refid="blogBaseQuery"/>
        <include refid="blogWhereClause"/>
        ORDER BY date DESC
    </select>

    <select id="selectPage1" resultMap="BlogResultMap">
        SELECT
        blog.*,
        category.name AS categoryName,
        user.name AS userName
        FROM blog
        LEFT JOIN category ON blog.category_id = category.id
        LEFT JOIN user ON blog.user_id = user.id
        <where>
            <!-- 精确匹配 id -->
            <if test="blog.id != null">
                AND blog.id = #{blog.id}
            </if>
            <!-- 模糊匹配标题 -->
            <if test="blog.title != null and blog.title != ''">
                AND blog.title LIKE CONCAT('%', #{blog.title}, '%')
            </if>
            <!-- 分类名模糊匹配 -->
            <if test="blog.categoryName != null and blog.categoryName != ''">
                AND category.name LIKE CONCAT('%', #{blog.categoryName}, '%')
            </if>
            <!-- 用户名模糊匹配 -->
            <if test="blog.userName != null and blog.userName != ''">
                AND user.name LIKE CONCAT('%', #{blog.userName}, '%')
            </if>
        </where>
    </select>

    <select id="selectPage2" resultMap="BlogResultMap">
        SELECT
        blog.*,
        category.name AS categoryName,
        user.name AS userName
        FROM blog
        LEFT JOIN category ON blog.category_id = category.id
        LEFT JOIN user ON blog.user_id = user.id
        where #{account.id} = blog.user_id
    </select>

</mapper>
