<?xml version="1.0" encoding="UTF-8" ?>
<!DOCTYPE mapper
        PUBLIC "-//mybatis.org//DTD Mapper 3.0//EN"
        "http://mybatis.org/dtd/mybatis-3-mapper.dtd">
<mapper namespace="com.example.demo.mapper.Car1Mapper">

    <resultMap id="Car1ResultMap" type="com.example.demo.entity.Car1">
        <id property="id" column="id"/>
        <result property="name" column="name"/>
        <result property="brand" column="brand"/>
        <result property="model" column="model"/>
        <result property="carType" column="car_type"/>
        <result property="powerType" column="power_type"/>
        <result property="price" column="price"/>
        <result property="carPicture" column="car_picture"/>
        <result property="motorType" column="motor_type"/>
        <result property="motorPower" column="motor_power"/>
        <result property="torque" column="torque"/>
        <result property="acceleration" column="acceleration"/>
        <result property="topSpeed" column="top_speed"/>
        <result property="batteryType" column="battery_type"/>
        <result property="batteryCapacity" column="battery_capacity"/>
        <result property="range" column="range"/>
        <result property="chargeTime" column="charge_time"/>
        <result property="slowChargeTime" column="slow_charge_time"/>
        <result property="length" column="length"/>
        <result property="width" column="width"/>
        <result property="height" column="height"/>
        <result property="wheelbase" column="wheelbase"/>
        <result property="weight" column="weight"/>
        <result property="seatNum" column="seat_num"/>
        <result property="driveType" column="drive_type"/>
        <result property="releaseDate" column="release_date"/>
        <result property="warranty" column="warranty"/>
        <result property="description" column="description"/>
        <result property="status" column="status"/>
    </resultMap>

    <insert id="insert">
        insert into car1
        <trim prefix="(" suffix=")" suffixOverrides=",">
            <if test="name != null">name,</if>
            <if test="brand != null">brand,</if>
            <if test="model != null">model,</if>
            <if test="carType != null">car_type,</if>
            <if test="powerType != null">power_type,</if>
            <if test="price != null">price,</if>
            <if test="carPicture != null">car_picture,</if>
            <if test="motorType != null">motor_type,</if>
            <if test="motorPower != null">motor_power,</if>
            <if test="torque != null">torque,</if>
            <if test="acceleration != null">acceleration,</if>
            <if test="topSpeed != null">top_speed,</if>
            <if test="batteryType != null">battery_type,</if>
            <if test="batteryCapacity != null">battery_capacity,</if>
            <if test="range != null">range,</if>
            <if test="chargeTime != null">charge_time,</if>
            <if test="slowChargeTime != null">slow_charge_time,</if>
            <if test="length != null">length,</if>
            <if test="width != null">width,</if>
            <if test="height != null">height,</if>
            <if test="wheelbase != null">wheelbase,</if>
            <if test="weight != null">weight,</if>
            <if test="seatNum != null">seat_num,</if>
            <if test="driveType != null">drive_type,</if>
            <if test="releaseDate != null">release_date,</if>
            <if test="warranty != null">warranty,</if>
            <if test="description != null">description,</if>
            <if test="status != null">status,</if>
        </trim>
        <trim prefix="values (" suffix=")" suffixOverrides=",">
            <if test="name != null">#{name},</if>
            <if test="brand != null">#{brand},</if>
            <if test="model != null">#{model},</if>
            <if test="carType != null">#{carType},</if>
            <if test="powerType != null">#{powerType},</if>
            <if test="price != null">#{price},</if>
            <if test="carPicture != null">#{carPicture},</if>
            <if test="motorType != null">#{motorType},</if>
            <if test="motorPower != null">#{motorPower},</if>
            <if test="torque != null">#{torque},</if>
            <if test="acceleration != null">#{acceleration},</if>
            <if test="topSpeed != null">#{topSpeed},</if>
            <if test="batteryType != null">#{batteryType},</if>
            <if test="batteryCapacity != null">#{batteryCapacity},</if>
            <if test="range != null">#{range},</if>
            <if test="chargeTime != null">#{chargeTime},</if>
            <if test="slowChargeTime != null">#{slowChargeTime},</if>
            <if test="length != null">#{length},</if>
            <if test="width != null">#{width},</if>
            <if test="height != null">#{height},</if>
            <if test="wheelbase != null">#{wheelbase},</if>
            <if test="weight != null">#{weight},</if>
            <if test="seatNum != null">#{seatNum},</if>
            <if test="driveType != null">#{driveType},</if>
            <if test="releaseDate != null">#{releaseDate},</if>
            <if test="warranty != null">#{warranty},</if>
            <if test="description != null">#{description},</if>
            <if test="status != null">#{status},</if>
        </trim>
    </insert>

    <update id="updateById">
        update car1
        <set>
            <if test="name != null">name = #{name},</if>
            <if test="brand != null">brand = #{brand},</if>
            <if test="model != null">model = #{model},</if>
            <if test="carType != null">car_type = #{carType},</if>
            <if test="powerType != null">power_type = #{powerType},</if>
            <if test="price != null">price = #{price},</if>
            <if test="carPicture != null">car_picture = #{carPicture},</if>
            <if test="motorType != null">motor_type = #{motorType},</if>
            <if test="motorPower != null">motor_power = #{motorPower},</if>
            <if test="torque != null">torque = #{torque},</if>
            <if test="acceleration != null">acceleration = #{acceleration},</if>
            <if test="topSpeed != null">top_speed = #{topSpeed},</if>
            <if test="batteryType != null">battery_type = #{batteryType},</if>
            <if test="batteryCapacity != null">battery_capacity = #{batteryCapacity},</if>
            <if test="range != null">range = #{range},</if>
            <if test="chargeTime != null">charge_time = #{chargeTime},</if>
            <if test="slowChargeTime != null">slow_charge_time = #{slowChargeTime},</if>
            <if test="length != null">length = #{length},</if>
            <if test="width != null">width = #{width},</if>
            <if test="height != null">height = #{height},</if>
            <if test="wheelbase != null">wheelbase = #{wheelbase},</if>
            <if test="weight != null">weight = #{weight},</if>
            <if test="seatNum != null">seat_num = #{seatNum},</if>
            <if test="driveType != null">drive_type = #{driveType},</if>
            <if test="releaseDate != null">release_date = #{releaseDate},</if>
            <if test="warranty != null">warranty = #{warranty},</if>
            <if test="description != null">description = #{description},</if>
            <if test="status != null">status = #{status},</if>
        </set>
        where id = #{id}
    </update>

    <delete id="deleteById">
        delete from car1 where id = #{id}
    </delete>

    <select id="selectById" resultMap="Car1ResultMap">
        select * from car1 where id = #{id}
    </select>

    <select id="selectAll" resultMap="Car1ResultMap">
        select * from car1
        <where>
            <if test="car1.name != null and car1.name != ''">
                AND name LIKE CONCAT('%', #{car1.name}, '%')
            </if>
            <if test="car1.brand != null and car1.brand != ''">
                AND brand = #{car1.brand}
            </if>
            <if test="car1.carType != null and car1.carType != ''">
                AND car_type = #{car1.carType}
            </if>
            <if test="car1.powerType != null and car1.powerType != ''">
                AND power_type = #{car1.powerType}
            </if>
            <if test="car1.status != null">
                AND status = #{car1.status}
            </if>
        </where>
        order by id desc
    </select>

    <select id="selectHot" resultMap="Car1ResultMap">
        select * from car1
        <where>
            <if test="car1.carType != null and car1.carType != ''">
                AND car_type = #{car1.carType}
            </if>
            AND status = 1
        </where>
        order by price asc
        limit #{num}
    </select>

    <select id="selectPage" resultMap="Car1ResultMap">
        select * from car1
        <where>
            <if test="car1.name != null and car1.name != ''">
                AND name LIKE CONCAT('%', #{car1.name}, '%')
            </if>
            <if test="car1.brand != null and car1.brand != ''">
                AND brand = #{car1.brand}
            </if>
            AND status = 1
        </where>
        order by price asc
    </select>

    <select id="selectPage1" resultMap="Car1ResultMap">
        select * from car1
        <where>
            <if test="car1.name != null and car1.name != ''">
                AND name LIKE CONCAT('%', #{car1.name}, '%')
            </if>
            <if test="car1.brand != null and car1.brand != ''">
                AND brand = #{car1.brand}
            </if>
        </where>
        order by id desc
    </select>

    <select id="selectPage2" resultMap="Car1ResultMap">
        select * from car1
        where status = 1
        order by price desc
    </select>
</mapper>