<?xml version="1.0" encoding="UTF-8" ?>
<!DOCTYPE mapper
        PUBLIC "-//mybatis.org//DTD Mapper 3.0//EN"
        "http://mybatis.org/dtd/mybatis-3-mapper.dtd">
<mapper namespace="com.example.demo.mapper.CarMapper">

    <select id="selectById" resultType="com.example.demo.entity.Car">
        select * from car where id = #{id}
    </select>

    <select id="selectAll" resultType="com.example.demo.entity.Car">
        select * from car
        <where>
            <if test="carName != null">
                and car_name like concat('%', #{carName}, '%')
            </if>
        </where>
        order by id desc
    </select>

    <select id="selectPage" resultType="com.example.demo.entity.Car">
        select * from car
        <where>
            <if test="car.carName != null">
                and car_name like concat('%',#{car.carName},'%')
            </if>
        </where>
        order by id desc
    </select>
</mapper>
