<?xml version="1.0" encoding="UTF-8" ?>
<!DOCTYPE mapper
        PUBLIC "-//mybatis.org//DTD Mapper 3.0//EN"
        "http://mybatis.org/dtd/mybatis-3-mapper.dtd">
<mapper namespace="com.example.demo.mapper.CategoryMapper">

    <resultMap id="CategoryResultMap" type="com.example.demo.entity.Category">
        <id property="id" column="id"/>
        <result property="name" column="name"/>
    </resultMap>

    <insert id="insert">
        insert into category
        <trim prefix="(" suffix=")" suffixOverrides=",">
            <if test="id != null">id,</if>
            <if test="name != null">name,</if>
        </trim>
        <trim prefix="values (" suffix=")" suffixOverrides=",">
            <if test="id != null">#{id},</if>
            <if test="name != null">#{name},</if>
        </trim>
    </insert>

    <update id="updateById">
        update category
        <set>
            <if test="name != null">
                name = #{name},
            </if>
        </set>
        where id = #{id}
    </update>

    <delete id="deleteById">
        delete from category where id = #{id}
    </delete>

    <select id="selectByName" resultMap="CategoryResultMap">
        select id,name from category where name = #{name}
    </select>

    <select id="selectById" resultMap="CategoryResultMap">
        select id,name from category where id = #{id}
    </select>

    <select id="selectAll" resultMap="CategoryResultMap">
        select id,name from category
        <where>
            <if test="name != null">
                and name like concat('%',#{name},'%')
            </if>
        </where>
        order by id desc
    </select>

    <select id="selectPage" resultMap="CategoryResultMap">
        select id,name from category
        <where>
            <if test="category.name != null">
                and name like concat('%',#{category.name},'%')
            </if>
        </where>
        order by id desc
    </select>
</mapper>
