<?xml version="1.0" encoding="UTF-8" ?>
<!DOCTYPE mapper
        PUBLIC "-//mybatis.org//DTD Mapper 3.0//EN"
        "http://mybatis.org/dtd/mybatis-3-mapper.dtd">
<mapper namespace="com.example.demo.mapper.CommentMapper">

    <resultMap id="CommentResultMap" type="com.example.demo.entity.Comment">
        <id property="id" column="id"/>
        <result property="content" column="content"/>
        <result property="createDate" column="create_date"/>
        <result property="articleId" column="article_id"/>
        <result property="authorId" column="author_id"/>
        <result property="parentId" column="parent_id"/>
        <result property="toUid" column="to_uid"/>
        <result property="level" column="level"/>
    </resultMap>

    <insert id="insert">
        insert into comment
        <trim prefix="(" suffix=")" suffixOverrides=",">
            <if test="id != null">id,</if>
            <if test="content != null">content,</if>
            <if test="createDate != null">create_date,</if>
            <if test="articleId != null">article_id,</if>
            <if test="authorId != null">author_id,</if>
            <if test="parentId != null">parent_id,</if>
            <if test="toUid != null">to_uid,</if>
            <if test="level != null">level</if>
        </trim>
        <trim prefix="values(" suffix=")" suffixOverrides=",">
            <if test="id != null">#{id},</if>
            <if test="content != null">#{content},</if>
            <if test="createDate != null">#{createDate},</if>
            <if test="articleId != null">#{articleId},</if>
            <if test="authorId != null">#{authorId},</if>
            <if test="parentId != null">#{parentId},</if>
            <if test="toUid != null">#{toUid},</if>
            <if test="level != null">#{level},</if>
        </trim>
    </insert>

    <update id="updateById">
        update comment
        <set>
            <if test="content != null">
                content=#{content},
            </if>
            <if test="createDate != null">
                create_date=#{createDate},
            </if>
            <if test="articleId != null">
                article_id=#{articleId},
            </if>
            <if test="authorId != null">
                author_id=#{authorId},
            </if>
            <if test="parentId != null">
                parent_id=#{parentId},
            </if>
            <if test="toUid != null">
                to_uid=#{toUid},
            </if>
            <if test="level != null">
                level=#{level},
            </if>
        </set>
        where id = #{id}
    </update>

    <delete id="deleteById">
        delete from comment where id= #{id}
    </delete>

    <select id="selectByAuthorId" resultMap="CommentResultMap">
        select * from comment where author_id = #{authorId}
        order by create_date desc
    </select>

    <select id="selectAll" resultMap="CommentResultMap">
        select * from comment
        <where>
            <if test="comment.articleId != null">
                and article_id = #{comment.articleId}
            </if>
            <if test="comment.level != null">
                and level = #{comment.level}
            </if>
            <if test="comment.parentId != null">
                and parent_id = #{comment.parentId}
            </if>
        </where>
        order by create_date desc
    </select>

    <select id="selectByName" resultMap="CommentResultMap">
        select * from comment
        <where>
            <if test="comment.name != null">
                and name = #{comment.name}
            </if>
        </where>
        order by create_date desc
    </select>

    <select id="selectPage" resultMap="CommentResultMap">
        select * from comment
        <where>
            <if test="comment.articleId != null">
                and article_id = #{comment.articleId}
            </if>
            <if test="comment.authorId != null">
                and author_id = #{comment.authorId}
            </if>
            <if test="comment.level != null">
                and level = #{comment.level}
            </if>
            <if test="comment.parentId != null">
                and parent_id = #{comment.parentId}
            </if>
            <if test="comment.content != null">
                and content like concat('%',#{comment.content},'%')
            </if>
        </where>
        order by create_date desc
    </select>

</mapper>
