<?xml version="1.0" encoding="UTF-8" ?>
<!DOCTYPE mapper
        PUBLIC "-//mybatis.org//DTD Mapper 3.0//EN"
        "http://mybatis.org/dtd/mybatis-3-mapper.dtd">
<mapper namespace="com.example.demo.mapper.UserMapper">

    <resultMap id="UserResultMap" type="com.example.demo.entity.User">
        <id property="id" column="id"/>
        <result property="username" column="username"/>

        <result property="name" column="name"/>
        <result property="avatar" column="avatar"/>
        <result property="role" column="role"/>
        <result property="sex" column="sex"/>
        <result property="phone" column="phone"/>
        <result property="email" column="email"/>
        <result property="info" column="info"/>
        <result property="birth" column="birth"/>
    </resultMap>

    <insert id="insert">
        insert into user
        <trim prefix="(" suffix=")" suffixOverrides=",">
            <if test="id != null">id,</if>
            <if test="username != null">username,</if>
            <if test="password != null">password,</if>
            <if test="name != null">name,</if>
            <if test="avatar != null">avatar,</if>
            <if test="role != null">role,</if>
            <if test="sex != null">sex,</if>
            <if test="phone != null">phone,</if>
            <if test="email != null">email,</if>
            <if test="info != null">info,</if>
            <if test="birth != null">birth,</if>
        </trim>
        <trim prefix="values (" suffix=")" suffixOverrides=",">
            <if test="id != null">#{id},</if>
            <if test="username != null">#{username},</if>
            <if test="password != null">#{password},</if>
            <if test="name != null">#{name},</if>
            <if test="avatar != null">#{avatar},</if>
            <if test="role != null">#{role },</if>
            <if test="sex != null">#{sex},</if>
            <if test="phone != null">#{phone},</if>
            <if test="email != null">#{email},</if>
            <if test="info != null">#{info},</if>
            <if test="birth != null">#{birth},</if>
        </trim>
    </insert>

    <update id="updateById">
        update user
        <set>
            <if test="username != null">
                username = #{username},
            </if>
            <if test="password != null">
                password = #{password},
            </if>
            <if test="name != null">
                name = #{name},
            </if>
            <if test="avatar != null">
                avatar = #{avatar},
            </if>
            <if test="role != null">
                role = #{role},
            </if>
            <if test="sex != null">
                sex = #{sex},
            </if>
            <if test="phone != null">
                phone = #{phone},
            </if>
            <if test="email != null">
                email = #{email},
            </if>
            <if test="info != null">
                info = #{info},
            </if>
            <if test="birth != null">
                birth = #{birth}
            </if>
        </set>
        where id = #{id}
    </update>


    <delete id="deleteById">
        delete from user where id = #{id}
    </delete>

    <select id="selectByUsername-p" resultMap="UserResultMap">
        select id,username,name,avatar,role,sex,phone,email,info,birth from user where username = #{username}
    </select>

    <select id="selectByUsername" resultMap="UserResultMap">
            select * from user where username = #{username}
    </select>

    <select id="selectById" resultMap="UserResultMap">
            select id,username,name,avatar,role,sex,phone,email,info,birth from user where id = #{id}
    </select>

    <select id="selectAll" resultMap="UserResultMap">
            select id,username,name,avatar,role,sex,phone,email,info,birth from user
        <where>
            <if test="username != null">
                and username like concat('%',#{username},'%')
            </if>
        </where>
        order by id desc
    </select>

    <select id="selectPage" resultMap="UserResultMap">
        select id,username,name,avatar,role,sex,phone,email,info,birth from user
        <where>
            <if test="user.username != null">
                and username like concat('%',#{user.username},'%')
            </if>
        </where>
        order by id desc
    </select>
</mapper>
